platform,username,post_url,caption,media_url,likes,comments,views,upload_date
youtube,nike,https://www.youtube.com/watch?v=nike_0,"Just Do It. New season, new goals ğŸ’ª #Nike #JustDoIt #NikeRunning #NikeTraining #Nike",https://i.ytimg.com/vi/nike_0/maxresdefault.jpg,57942,3023,890490,2025-11-08 04:32:10
youtube,nike,https://www.youtube.com/watch?v=nike_1,"Breaking barriers, setting records. Who's ready? ğŸ’¯ #JustDoIt #Nike #NikeRunning",https://i.ytimg.com/vi/nike_1/maxresdefault.jpg,67216,2393,871455,2025-11-07 05:08:10
youtube,nike,https://www.youtube.com/watch?v=nike_2,Run the world. New running collection drops today ğŸ‘Ÿ #NikeRunning #JustDoIt #Nike,https://i.ytimg.com/vi/nike_2/maxresdefault.jpg,95334,6428,1317132,2025-11-06 21:14:10
youtube,nike,https://www.youtube.com/watch?v=nike_3,"Sweat, smile, repeat. Workout essentials now available ğŸ’¦ #Nike #NikeAthletes #JustDoIt",https://i.ytimg.com/vi/nike_3/maxresdefault.jpg,114796,7274,1965934,2025-11-06 19:57:10
youtube,nike,https://www.youtube.com/watch?v=nike_4,Born to move. Made to win ğŸ¥‡ #JustDoIt #NikeAthletes #NikeTraining,https://i.ytimg.com/vi/nike_4/maxresdefault.jpg,77307,2296,1078542,2025-11-02 19:10:10
youtube,nike,https://www.youtube.com/watch?v=nike_5,Game day ready. Are you? ğŸˆ #NikeFootball #JustDoIt #NikeRunning #NikeTraining,https://i.ytimg.com/vi/nike_5/maxresdefault.jpg,52676,1536,866700,2025-11-02 02:02:10
youtube,nike,https://www.youtube.com/watch?v=nike_6,Innovation at every step. Check out our latest tech ğŸ”¬ #JustDoIt #NikeTraining #NikeRunning,https://i.ytimg.com/vi/nike_6/maxresdefault.jpg,32418,1127,790129,2025-11-02 01:26:10
youtube,nike,https://www.youtube.com/watch?v=nike_7,Game day ready. Are you? ğŸˆ #NikeFootball #JustDoIt #NikeAthletes #Nike,https://i.ytimg.com/vi/nike_7/maxresdefault.jpg,90747,7540,1977208,2025-11-01 00:57:10
youtube,nike,https://www.youtube.com/watch?v=nike_8,Run the world. New running collection drops today ğŸ‘Ÿ #NikeTraining #NikeAthletes #Nike,https://i.ytimg.com/vi/nike_8/maxresdefault.jpg,72041,1004,909682,2025-10-27 18:54:10
youtube,nike,https://www.youtube.com/watch?v=nike_9,Rise and grind. Morning motivation starts here â˜€ï¸ #JustDoIt #NikeTraining #NikeAthletes,https://i.ytimg.com/vi/nike_9/maxresdefault.jpg,87099,2847,1601136,2025-10-27 03:40:10
youtube,nike,https://www.youtube.com/watch?v=nike_10,Victory is in the details. Train like a champion ğŸ† #NikeAthletes #NikeRunning #JustDoIt,https://i.ytimg.com/vi/nike_10/maxresdefault.jpg,60139,6345,1313481,2025-10-23 02:01:10
youtube,nike,https://www.youtube.com/watch?v=nike_11,Unstoppable energy. Unmatched style ğŸŒŠ #JustDoIt #Nike #NikeAthletes,https://i.ytimg.com/vi/nike_11/maxresdefault.jpg,46988,4063,1012909,2025-10-22 21:07:10
youtube,nike,https://www.youtube.com/watch?v=nike_12,Elevate your game. The future starts now ğŸ® #JustDoIt #NikeTraining #NikeAthletes,https://i.ytimg.com/vi/nike_12/maxresdefault.jpg,97762,4917,1406575,2025-10-22 19:15:10
youtube,nike,https://www.youtube.com/watch?v=nike_13,From the court to the streets. Style never stops ğŸ€ #Nike #NikeTraining #NikeRunning,https://i.ytimg.com/vi/nike_13/maxresdefault.jpg,38976,3700,821844,2025-10-21 07:46:10
youtube,nike,https://www.youtube.com/watch?v=nike_14,Winning mindset. Champion attitude ğŸ§  #NikeTraining #JustDoIt #Nike,https://i.ytimg.com/vi/nike_14/maxresdefault.jpg,105381,3419,1527169,2025-10-18 02:44:10
youtube,nike,https://www.youtube.com/watch?v=nike_15,From the court to the streets. Style never stops ğŸ€ #NikeTraining #Nike #NikeAthletes,https://i.ytimg.com/vi/nike_15/maxresdefault.jpg,41864,3869,1308279,2025-10-18 02:25:10
youtube,nike,https://www.youtube.com/watch?v=nike_16,Run faster. Jump higher. Play harder. ğŸ”¥ #NikeAthletes #JustDoIt #Nike,https://i.ytimg.com/vi/nike_16/maxresdefault.jpg,126226,5162,1675106,2025-10-17 22:48:10
youtube,nike,https://www.youtube.com/watch?v=nike_17,Born to move. Made to win ğŸ¥‡ #NikeTraining #NikeRunning #JustDoIt,https://i.ytimg.com/vi/nike_17/maxresdefault.jpg,57811,4008,1146419,2025-10-17 21:41:10
youtube,nike,https://www.youtube.com/watch?v=nike_18,The only workout you'll regret is the one you skip â° #NikeAthletes #Nike #NikeRunning,https://i.ytimg.com/vi/nike_18/maxresdefault.jpg,111585,7040,1543953,2025-10-17 07:49:10
youtube,nike,https://www.youtube.com/watch?v=nike_19,Run the world. New running collection drops today ğŸ‘Ÿ #NikeTraining #JustDoIt #NikeRunning,https://i.ytimg.com/vi/nike_19/maxresdefault.jpg,21464,2142,624506,2025-10-15 08:35:10
youtube,nike,https://www.youtube.com/watch?v=nike_20,The only workout you'll regret is the one you skip â° #Nike #JustDoIt #NikeRunning,https://i.ytimg.com/vi/nike_20/maxresdefault.jpg,91343,3265,1553309,2025-10-14 00:09:10
youtube,nike,https://www.youtube.com/watch?v=nike_21,Your best is yet to come. Keep pushing ğŸ’ª #NikeRunning #NikeTraining #Nike,https://i.ytimg.com/vi/nike_21/maxresdefault.jpg,94701,6764,1624505,2025-10-09 18:18:10
youtube,nike,https://www.youtube.com/watch?v=nike_22,Champions are made in training. Let's work ğŸ¯ #NikeRunning #NikeAthletes #Nike,https://i.ytimg.com/vi/nike_22/maxresdefault.jpg,134381,5138,1694734,2025-10-07 05:05:10
youtube,nike,https://www.youtube.com/watch?v=nike_23,From the court to the streets. Style never stops ğŸ€ #NikeTraining #Nike #JustDoIt,https://i.ytimg.com/vi/nike_23/maxresdefault.jpg,94921,6044,1612568,2025-10-05 02:53:10
youtube,nike,https://www.youtube.com/watch?v=nike_24,"Sweat, smile, repeat. Workout essentials now available ğŸ’¦ #JustDoIt #Nike #NikeRunning",https://i.ytimg.com/vi/nike_24/maxresdefault.jpg,39713,2599,530694,2025-10-05 01:07:10
youtube,nike,https://www.youtube.com/watch?v=nike_25,Champions are made in training. Let's work ğŸ¯ #NikeAthletes #Nike #NikeRunning,https://i.ytimg.com/vi/nike_25/maxresdefault.jpg,36294,3127,949392,2025-10-04 21:22:10
youtube,nike,https://www.youtube.com/watch?v=nike_26,Game day ready. Are you? ğŸˆ #NikeFootball #Nike #NikeAthletes #JustDoIt,https://i.ytimg.com/vi/nike_26/maxresdefault.jpg,32315,1081,729123,2025-10-03 21:38:10
youtube,nike,https://www.youtube.com/watch?v=nike_27,From the court to the streets. Style never stops ğŸ€ #NikeRunning #NikeTraining #Nike,https://i.ytimg.com/vi/nike_27/maxresdefault.jpg,67363,4441,1134691,2025-09-29 21:26:10
youtube,nike,https://www.youtube.com/watch?v=nike_28,From practice to podium. We're with you ğŸ… #Nike #NikeTraining #JustDoIt,https://i.ytimg.com/vi/nike_28/maxresdefault.jpg,73883,5652,1450733,2025-09-27 21:17:10
youtube,nike,https://www.youtube.com/watch?v=nike_29,The only workout you'll regret is the one you skip â° #NikeAthletes #JustDoIt #NikeRunning,https://i.ytimg.com/vi/nike_29/maxresdefault.jpg,89913,4973,1961862,2025-09-24 08:51:10
youtube,nike,https://www.youtube.com/watch?v=nike_30,Train insane or remain the same ğŸ’¯ #NoExcuses #Nike #NikeAthletes #JustDoIt,https://i.ytimg.com/vi/nike_30/maxresdefault.jpg,53586,3479,1745134,2025-09-23 18:21:10
youtube,nike,https://www.youtube.com/watch?v=nike_31,Innovation at every step. Check out our latest tech ğŸ”¬ #NikeAthletes #NikeTraining #JustDoIt,https://i.ytimg.com/vi/nike_31/maxresdefault.jpg,139648,8021,1874595,2025-09-21 03:39:10
youtube,nike,https://www.youtube.com/watch?v=nike_32,"Your journey, our mission. Together we rise ğŸš€ #NikeAthletes #NikeRunning #JustDoIt",https://i.ytimg.com/vi/nike_32/maxresdefault.jpg,34879,1748,565911,2025-09-20 19:57:10
youtube,nike,https://www.youtube.com/watch?v=nike_33,Comfort meets performance. The future is now âš¡ #JustDoIt #NikeTraining #NikeRunning,https://i.ytimg.com/vi/nike_33/maxresdefault.jpg,38594,1438,518668,2025-09-19 05:01:10
youtube,nike,https://www.youtube.com/watch?v=nike_34,Athletes inspire athletes. What's your story? #NikeAthletes #NikeTraining #NikeAthletes #JustDoIt,https://i.ytimg.com/vi/nike_34/maxresdefault.jpg,65182,5215,1331352,2025-09-19 03:30:10
youtube,nike,https://www.youtube.com/watch?v=nike_35,Your best is yet to come. Keep pushing ğŸ’ª #JustDoIt #NikeRunning #Nike,https://i.ytimg.com/vi/nike_35/maxresdefault.jpg,127639,4927,1750906,2025-09-17 23:06:10
youtube,nike,https://www.youtube.com/watch?v=nike_36,Unleash your potential. The all-new Air Max is here ğŸ”¥ #NikeTraining #Nike #NikeAthletes,https://i.ytimg.com/vi/nike_36/maxresdefault.jpg,58729,7929,1909253,2025-09-16 05:06:10
youtube,nike,https://www.youtube.com/watch?v=nike_37,Unstoppable energy. Unmatched style ğŸŒŠ #Nike #JustDoIt #NikeTraining,https://i.ytimg.com/vi/nike_37/maxresdefault.jpg,33140,2167,797013,2025-09-15 00:21:10
youtube,nike,https://www.youtube.com/watch?v=nike_38,Born to move. Made to win ğŸ¥‡ #NikeAthletes #JustDoIt #NikeRunning,https://i.ytimg.com/vi/nike_38/maxresdefault.jpg,80226,3051,1017157,2025-09-12 04:18:10
youtube,nike,https://www.youtube.com/watch?v=nike_39,Athletes inspire athletes. What's your story? #NikeAthletes #NikeAthletes #JustDoIt #Nike,https://i.ytimg.com/vi/nike_39/maxresdefault.jpg,33192,2650,695418,2025-09-11 08:12:10
youtube,adidas,https://www.youtube.com/watch?v=adidas_0,Speed. Power. Precision. The triple threat ğŸ¯ #adidasFootball #TeamAdidas #adidas,https://i.ytimg.com/vi/adidas_0/maxresdefault.jpg,22610,807,317992,2025-11-06 06:27:10
youtube,adidas,https://www.youtube.com/watch?v=adidas_1,Athlete-tested. Champion-approved âœ… #TeamAdidas #adidasFootball #adidas,https://i.ytimg.com/vi/adidas_1/maxresdefault.jpg,87073,1207,1121928,2025-11-06 04:04:10
youtube,adidas,https://www.youtube.com/watch?v=adidas_2,Speed. Power. Precision. The triple threat ğŸ¯ #ImpossibleIsNothing #adidasFootball #CreatorsUnite,https://i.ytimg.com/vi/adidas_2/maxresdefault.jpg,56347,3835,1140763,2025-11-04 07:12:10
youtube,adidas,https://www.youtube.com/watch?v=adidas_3,Rise up. Stand out. Be legendary ğŸ’« #TeamAdidas #adidasFootball #CreatorsUnite,https://i.ytimg.com/vi/adidas_3/maxresdefault.jpg,49566,2346,892633,2025-11-02 23:02:10
youtube,adidas,https://www.youtube.com/watch?v=adidas_4,Legends in the making. Write your story ğŸ“ #ImpossibleIsNothing #CreatorsUnite #adidasFootball,https://i.ytimg.com/vi/adidas_4/maxresdefault.jpg,50348,1396,906120,2025-10-31 01:41:10
youtube,adidas,https://www.youtube.com/watch?v=adidas_5,Born on the field. Built for the street ğŸŸï¸â¡ï¸ğŸŒƒ #ImpossibleIsNothing #CreatorsUnite #adidas,https://i.ytimg.com/vi/adidas_5/maxresdefault.jpg,63627,2225,1329924,2025-10-29 20:54:10
youtube,adidas,https://www.youtube.com/watch?v=adidas_6,Rise up. Stand out. Be legendary ğŸ’« #ImpossibleIsNothing #TeamAdidas #CreatorsUnite,https://i.ytimg.com/vi/adidas_6/maxresdefault.jpg,103451,2508,1343019,2025-10-27 00:44:10
youtube,adidas,https://www.youtube.com/watch?v=adidas_7,Winning is a habit. Let's build it ğŸ—ï¸ #adidas #TeamAdidas #CreatorsUnite,https://i.ytimg.com/vi/adidas_7/maxresdefault.jpg,28611,1487,835237,2025-10-26 04:21:10
youtube,adidas,https://www.youtube.com/watch?v=adidas_8,Game changers welcome. Join the movement ğŸ’ª #adidasFootball #adidas #ImpossibleIsNothing,https://i.ytimg.com/vi/adidas_8/maxresdefault.jpg,17064,1057,316095,2025-10-26 02:06:10
youtube,adidas,https://www.youtube.com/watch?v=adidas_9,Champions train here. Are you ready? ğŸ† #TeamAdidas #TeamAdidas #adidas #CreatorsUnite,https://i.ytimg.com/vi/adidas_9/maxresdefault.jpg,54788,2872,781303,2025-10-25 18:35:10
youtube,adidas,https://www.youtube.com/watch?v=adidas_10,Train like tomorrow doesn't exist â° #TeamAdidas #adidas #ImpossibleIsNothing,https://i.ytimg.com/vi/adidas_10/maxresdefault.jpg,40405,2471,921262,2025-10-21 23:27:10
youtube,adidas,https://www.youtube.com/watch?v=adidas_11,The world is your playground. Go explore ğŸŒ #TeamAdidas #adidasFootball #adidas,https://i.ytimg.com/vi/adidas_11/maxresdefault.jpg,74320,2514,941042,2025-10-21 08:43:10
youtube,adidas,https://www.youtube.com/watch?v=adidas_12,Athlete-tested. Champion-approved âœ… #CreatorsUnite #adidasFootball #ImpossibleIsNothing,https://i.ytimg.com/vi/adidas_12/maxresdefault.jpg,48767,1327,905712,2025-10-20 02:31:10
youtube,adidas,https://www.youtube.com/watch?v=adidas_13,Performance that speaks for itself ğŸ—£ï¸ #adidasFootball #TeamAdidas #CreatorsUnite,https://i.ytimg.com/vi/adidas_13/maxresdefault.jpg,29358,1061,612683,2025-10-20 00:37:10
youtube,adidas,https://www.youtube.com/watch?v=adidas_14,Champions train here. Are you ready? ğŸ† #TeamAdidas #ImpossibleIsNothing #TeamAdidas #adidas,https://i.ytimg.com/vi/adidas_14/maxresdefault.jpg,40738,2580,668591,2025-10-19 23:00:10
youtube,adidas,https://www.youtube.com/watch?v=adidas_15,Train like tomorrow doesn't exist â° #CreatorsUnite #adidasFootball #adidas,https://i.ytimg.com/vi/adidas_15/maxresdefault.jpg,56174,6139,1268447,2025-10-18 19:08:10
youtube,adidas,https://www.youtube.com/watch?v=adidas_16,Push boundaries. Break records. Repeat ğŸ”„ #adidas #adidasFootball #CreatorsUnite,https://i.ytimg.com/vi/adidas_16/maxresdefault.jpg,36879,540,499119,2025-10-17 22:08:10
youtube,adidas,https://www.youtube.com/watch?v=adidas_17,Engineered excellence. Designed passion â¤ï¸ #adidasFootball #ImpossibleIsNothing #adidas,https://i.ytimg.com/vi/adidas_17/maxresdefault.jpg,26416,919,395837,2025-10-17 04:34:10
youtube,adidas,https://www.youtube.com/watch?v=adidas_18,Your potential is limitless. Let's go ğŸš€ #ImpossibleIsNothing #CreatorsUnite #adidasFootball #ImpossibleIsNothing,https://i.ytimg.com/vi/adidas_18/maxresdefault.jpg,26934,2593,702312,2025-10-15 07:34:10
youtube,adidas,https://www.youtube.com/watch?v=adidas_19,Innovation in motion. The future is now ğŸŒŸ #adidas #ImpossibleIsNothing #CreatorsUnite,https://i.ytimg.com/vi/adidas_19/maxresdefault.jpg,112336,6950,1442093,2025-10-15 00:57:10
youtube,adidas,https://www.youtube.com/watch?v=adidas_20,Game changers welcome. Join the movement ğŸ’ª #adidas #ImpossibleIsNothing #CreatorsUnite,https://i.ytimg.com/vi/adidas_20/maxresdefault.jpg,84837,5627,1284391,2025-10-14 23:25:10
youtube,adidas,https://www.youtube.com/watch?v=adidas_21,Impossible is Nothing. The new Predator boots are here âš½ #adidas #ImpossibleIsNothing #TeamAdidas,https://i.ytimg.com/vi/adidas_21/maxresdefault.jpg,11622,763,308351,2025-10-14 21:51:10
youtube,adidas,https://www.youtube.com/watch?v=adidas_22,"Three stripes, endless possibilities ğŸ’« #adidas #TeamAdidas #CreatorsUnite #adidas",https://i.ytimg.com/vi/adidas_22/maxresdefault.jpg,67739,1834,1148028,2025-10-14 02:10:10
youtube,adidas,https://www.youtube.com/watch?v=adidas_23,Game changers welcome. Join the movement ğŸ’ª #ImpossibleIsNothing #adidas #CreatorsUnite,https://i.ytimg.com/vi/adidas_23/maxresdefault.jpg,58284,2139,785929,2025-10-13 22:43:10
youtube,adidas,https://www.youtube.com/watch?v=adidas_24,The world is your playground. Go explore ğŸŒ #CreatorsUnite #adidasFootball #ImpossibleIsNothing,https://i.ytimg.com/vi/adidas_24/maxresdefault.jpg,18668,1931,410576,2025-10-11 21:23:10
youtube,adidas,https://www.youtube.com/watch?v=adidas_25,Engineered excellence. Designed passion â¤ï¸ #adidasFootball #adidas #CreatorsUnite,https://i.ytimg.com/vi/adidas_25/maxresdefault.jpg,60030,2852,901611,2025-10-10 20:00:10
youtube,adidas,https://www.youtube.com/watch?v=adidas_26,"Sustainability meets performance. Better for you, better for planet ğŸŒ #adidas #TeamAdidas #CreatorsUnite",https://i.ytimg.com/vi/adidas_26/maxresdefault.jpg,51943,4013,1373058,2025-10-08 00:27:10
youtube,adidas,https://www.youtube.com/watch?v=adidas_27,Game changers welcome. Join the movement ğŸ’ª #ImpossibleIsNothing #CreatorsUnite #TeamAdidas,https://i.ytimg.com/vi/adidas_27/maxresdefault.jpg,35422,3040,904263,2025-10-03 01:15:10
youtube,adidas,https://www.youtube.com/watch?v=adidas_28,"One team, one dream. Together we rise ğŸ¤ #CreatorsUnite #ImpossibleIsNothing #adidasFootball",https://i.ytimg.com/vi/adidas_28/maxresdefault.jpg,34007,1881,884260,2025-10-02 03:40:10
youtube,adidas,https://www.youtube.com/watch?v=adidas_29,"One team, one dream. Together we rise ğŸ¤ #adidasFootball #adidas #ImpossibleIsNothing",https://i.ytimg.com/vi/adidas_29/maxresdefault.jpg,26969,2309,464761,2025-10-01 22:27:10
youtube,adidas,https://www.youtube.com/watch?v=adidas_30,Your potential is limitless. Let's go ğŸš€ #ImpossibleIsNothing #adidas #ImpossibleIsNothing #CreatorsUnite,https://i.ytimg.com/vi/adidas_30/maxresdefault.jpg,44297,2623,610677,2025-09-29 19:17:10
youtube,adidas,https://www.youtube.com/watch?v=adidas_31,Engineered excellence. Designed passion â¤ï¸ #adidas #ImpossibleIsNothing #adidasFootball,https://i.ytimg.com/vi/adidas_31/maxresdefault.jpg,100835,1704,1469405,2025-09-29 08:16:10
youtube,adidas,https://www.youtube.com/watch?v=adidas_32,Your potential is limitless. Let's go ğŸš€ #ImpossibleIsNothing #adidas #ImpossibleIsNothing #adidasFootball,https://i.ytimg.com/vi/adidas_32/maxresdefault.jpg,60916,3577,839577,2025-09-27 05:10:10
youtube,adidas,https://www.youtube.com/watch?v=adidas_33,"Three stripes, endless possibilities ğŸ’« #adidas #ImpossibleIsNothing #CreatorsUnite #adidasFootball",https://i.ytimg.com/vi/adidas_33/maxresdefault.jpg,96738,5510,1299260,2025-09-18 22:51:10
youtube,adidas,https://www.youtube.com/watch?v=adidas_34,Creating the new. Join the revolution ğŸ”¥ #CreatorsUnite #adidasFootball #adidas,https://i.ytimg.com/vi/adidas_34/maxresdefault.jpg,25258,590,538142,2025-09-16 20:06:10
youtube,adidas,https://www.youtube.com/watch?v=adidas_35,Performance you can feel. Style you can see ğŸ‘€ #TeamAdidas #ImpossibleIsNothing #adidas,https://i.ytimg.com/vi/adidas_35/maxresdefault.jpg,96672,4739,1320881,2025-09-15 01:34:10
youtube,adidas,https://www.youtube.com/watch?v=adidas_36,Creating the new. Join the revolution ğŸ”¥ #adidasFootball #adidas #TeamAdidas,https://i.ytimg.com/vi/adidas_36/maxresdefault.jpg,69865,2560,1324234,2025-09-15 00:45:10
youtube,adidas,https://www.youtube.com/watch?v=adidas_37,Creating the new. Join the revolution ğŸ”¥ #adidasFootball #TeamAdidas #ImpossibleIsNothing,https://i.ytimg.com/vi/adidas_37/maxresdefault.jpg,101587,2105,1355859,2025-09-13 22:53:10
youtube,adidas,https://www.youtube.com/watch?v=adidas_38,Your potential is limitless. Let's go ğŸš€ #ImpossibleIsNothing #TeamAdidas #adidasFootball #CreatorsUnite,https://i.ytimg.com/vi/adidas_38/maxresdefault.jpg,53237,4226,1475106,2025-09-13 17:58:10
youtube,adidas,https://www.youtube.com/watch?v=adidas_39,Born on the field. Built for the street ğŸŸï¸â¡ï¸ğŸŒƒ #adidas #CreatorsUnite #ImpossibleIsNothing,https://i.ytimg.com/vi/adidas_39/maxresdefault.jpg,48058,2413,650545,2025-09-12 01:11:10
youtube,redbull,https://www.youtube.com/watch?v=redbull_0,"Defying gravity, one stunt at a time ğŸª #ExtremeRacing #ExtremeRacing #GivesYouWings #RedBullRacing",https://i.ytimg.com/vi/redbull_0/maxresdefault.jpg,73034,2738,1551728,2025-11-06 23:27:10
youtube,redbull,https://www.youtube.com/watch?v=redbull_1,Your daily dose of inspiration served ğŸ’‰âœ¨ #RedBull #GivesYouWings #F1,https://i.ytimg.com/vi/redbull_1/maxresdefault.jpg,43012,3150,824640,2025-11-06 23:18:10
youtube,redbull,https://www.youtube.com/watch?v=redbull_2,Wingsuit flying through the city! ğŸ˜± Must watch #GivesYouWings #F1 #RedBullRacing,https://i.ytimg.com/vi/redbull_2/maxresdefault.jpg,66346,4053,912016,2025-11-03 07:21:10
youtube,redbull,https://www.youtube.com/watch?v=redbull_3,"Defying gravity, one stunt at a time ğŸª #ExtremeRacing #GivesYouWings #F1 #RedBull",https://i.ytimg.com/vi/redbull_3/maxresdefault.jpg,81700,2474,1553090,2025-10-31 21:44:10
youtube,redbull,https://www.youtube.com/watch?v=redbull_4,"When the stakes are high, we rise higher ğŸ“ˆ #ExtremeRacing #F1 #RedBullRacing",https://i.ytimg.com/vi/redbull_4/maxresdefault.jpg,71989,1491,936111,2025-10-29 06:26:10
youtube,redbull,https://www.youtube.com/watch?v=redbull_5,World champion mindset. Red Bull athlete spirit ğŸ† #F1 #GivesYouWings #ExtremeRacing,https://i.ytimg.com/vi/redbull_5/maxresdefault.jpg,29019,1050,785540,2025-10-28 02:10:10
youtube,redbull,https://www.youtube.com/watch?v=redbull_6,"Defying gravity, one stunt at a time ğŸª #ExtremeRacing #GivesYouWings #F1 #ExtremeRacing",https://i.ytimg.com/vi/redbull_6/maxresdefault.jpg,28821,2101,739055,2025-10-27 03:03:10
youtube,redbull,https://www.youtube.com/watch?v=redbull_7,"Wings when you need them ğŸª½ New energy, new heights #F1 #RedBull #GivesYouWings",https://i.ytimg.com/vi/redbull_7/maxresdefault.jpg,33245,3798,833924,2025-10-26 06:46:10
youtube,redbull,https://www.youtube.com/watch?v=redbull_8,This is not just a drink. It's a lifestyle ğŸŒŸ #WingsForLife #GivesYouWings #ExtremeRacing #RedBull,https://i.ytimg.com/vi/redbull_8/maxresdefault.jpg,53443,1016,919457,2025-10-26 02:02:10
youtube,redbull,https://www.youtube.com/watch?v=redbull_9,When ordinary just won't do. Go extreme ğŸ”¥ #RedBull #F1 #ExtremeRacing,https://i.ytimg.com/vi/redbull_9/maxresdefault.jpg,79033,3723,1177290,2025-10-23 02:32:10
youtube,redbull,https://www.youtube.com/watch?v=redbull_10,Skateboarding's new golden era ğŸ›¹âœ¨ #RedBullSkate #RedBullRacing #F1 #ExtremeRacing,https://i.ytimg.com/vi/redbull_10/maxresdefault.jpg,22749,1873,533611,2025-10-22 19:42:10
youtube,redbull,https://www.youtube.com/watch?v=redbull_11,Your daily dose of inspiration served ğŸ’‰âœ¨ #RedBullRacing #GivesYouWings #F1,https://i.ytimg.com/vi/redbull_11/maxresdefault.jpg,73434,3918,1003018,2025-10-22 00:19:10
youtube,redbull,https://www.youtube.com/watch?v=redbull_12,This cliff jump is absolutely mental! ğŸ§—â€â™‚ï¸ğŸ’¦ #ExtremeRacing #F1 #GivesYouWings,https://i.ytimg.com/vi/redbull_12/maxresdefault.jpg,93884,5561,1503335,2025-10-22 00:09:10
youtube,redbull,https://www.youtube.com/watch?v=redbull_13,The ultimate adrenaline rush awaits ğŸ¢ #ExtremeLife #GivesYouWings #F1 #RedBullRacing,https://i.ytimg.com/vi/redbull_13/maxresdefault.jpg,87060,7189,1554438,2025-10-21 22:10:10
youtube,redbull,https://www.youtube.com/watch?v=redbull_14,Energy that never quits. Just like you ğŸ’ª #GivesYouWings #GivesYouWings #F1 #ExtremeRacing,https://i.ytimg.com/vi/redbull_14/maxresdefault.jpg,37551,3508,831960,2025-10-19 23:51:10
youtube,redbull,https://www.youtube.com/watch?v=redbull_15,Champions choose Red Bull. What's your fuel? â›½ #F1 #RedBull #ExtremeRacing,https://i.ytimg.com/vi/redbull_15/maxresdefault.jpg,62663,4557,1214581,2025-10-19 02:57:10
youtube,redbull,https://www.youtube.com/watch?v=redbull_16,This cliff jump is absolutely mental! ğŸ§—â€â™‚ï¸ğŸ’¦ #F1 #GivesYouWings #RedBull,https://i.ytimg.com/vi/redbull_16/maxresdefault.jpg,32062,1248,1017223,2025-10-16 07:50:10
youtube,redbull,https://www.youtube.com/watch?v=redbull_17,Skateboarding's new golden era ğŸ›¹âœ¨ #RedBullSkate #GivesYouWings #ExtremeRacing #RedBull,https://i.ytimg.com/vi/redbull_17/maxresdefault.jpg,109639,4773,1440924,2025-10-14 03:36:10
youtube,redbull,https://www.youtube.com/watch?v=redbull_18,Skateboarding's new golden era ğŸ›¹âœ¨ #RedBullSkate #RedBullRacing #ExtremeRacing #F1,https://i.ytimg.com/vi/redbull_18/maxresdefault.jpg,15989,1754,440743,2025-10-14 02:08:10
youtube,redbull,https://www.youtube.com/watch?v=redbull_19,Skateboarding's new golden era ğŸ›¹âœ¨ #RedBullSkate #RedBull #GivesYouWings #ExtremeRacing,https://i.ytimg.com/vi/redbull_19/maxresdefault.jpg,41964,3861,1276275,2025-10-13 06:10:10
youtube,redbull,https://www.youtube.com/watch?v=redbull_20,Unleash your inner champion ğŸ‘Š #NoLimits #GivesYouWings #ExtremeRacing #RedBullRacing,https://i.ytimg.com/vi/redbull_20/maxresdefault.jpg,32474,2903,902927,2025-10-11 23:50:10
youtube,redbull,https://www.youtube.com/watch?v=redbull_21,This is what 200mph looks like ğŸï¸ğŸ‘€ #F1Vision #GivesYouWings #F1 #ExtremeRacing,https://i.ytimg.com/vi/redbull_21/maxresdefault.jpg,32112,1678,431400,2025-10-11 08:49:10
youtube,redbull,https://www.youtube.com/watch?v=redbull_22,The most insane freeride line ever! ğŸ‚ Watch till the end #RedBullRacing #RedBull #GivesYouWings,https://i.ytimg.com/vi/redbull_22/maxresdefault.jpg,28715,776,503283,2025-10-10 07:56:10
youtube,redbull,https://www.youtube.com/watch?v=redbull_23,This cliff jump is absolutely mental! ğŸ§—â€â™‚ï¸ğŸ’¦ #F1 #ExtremeRacing #RedBull,https://i.ytimg.com/vi/redbull_23/maxresdefault.jpg,68576,3439,1294402,2025-10-09 18:41:10
youtube,redbull,https://www.youtube.com/watch?v=redbull_24,Breakdancing battle royale! ğŸ’ƒğŸ•º #RedBullBCOne #RedBullRacing #F1 #RedBull,https://i.ytimg.com/vi/redbull_24/maxresdefault.jpg,67061,2605,1732484,2025-10-07 07:07:10
youtube,redbull,https://www.youtube.com/watch?v=redbull_25,When ordinary just won't do. Go extreme ğŸ”¥ #RedBull #ExtremeRacing #RedBullRacing,https://i.ytimg.com/vi/redbull_25/maxresdefault.jpg,60817,2038,825017,2025-10-02 04:30:10
youtube,redbull,https://www.youtube.com/watch?v=redbull_26,When ordinary just won't do. Go extreme ğŸ”¥ #GivesYouWings #RedBull #RedBullRacing,https://i.ytimg.com/vi/redbull_26/maxresdefault.jpg,72610,1754,1350597,2025-10-02 01:25:10
youtube,redbull,https://www.youtube.com/watch?v=redbull_27,The crowd goes wild! What a finish! ğŸ™ŒğŸŸï¸ #F1 #RedBull #ExtremeRacing,https://i.ytimg.com/vi/redbull_27/maxresdefault.jpg,32323,958,462989,2025-10-01 02:09:10
youtube,redbull,https://www.youtube.com/watch?v=redbull_28,Breakdancing battle royale! ğŸ’ƒğŸ•º #RedBullBCOne #GivesYouWings #RedBull #RedBullRacing,https://i.ytimg.com/vi/redbull_28/maxresdefault.jpg,36955,845,464412,2025-09-28 23:58:10
youtube,redbull,https://www.youtube.com/watch?v=redbull_29,"When the stakes are high, we rise higher ğŸ“ˆ #F1 #RedBull #ExtremeRacing",https://i.ytimg.com/vi/redbull_29/maxresdefault.jpg,55620,1041,775327,2025-09-27 07:42:10
youtube,redbull,https://www.youtube.com/watch?v=redbull_30,Sunset session with the crew ğŸŒ…ğŸ„â€â™‚ï¸ #RedBullSurf #RedBull #GivesYouWings #F1,https://i.ytimg.com/vi/redbull_30/maxresdefault.jpg,23368,1697,485362,2025-09-26 08:32:10
youtube,redbull,https://www.youtube.com/watch?v=redbull_31,From the Alps to your adrenaline ğŸ”ï¸â›·ï¸ #RedBullSnow #ExtremeRacing #F1 #RedBullRacing,https://i.ytimg.com/vi/redbull_31/maxresdefault.jpg,119495,7835,1774527,2025-09-26 06:12:10
youtube,redbull,https://www.youtube.com/watch?v=redbull_32,Wingsuit flying through the city! ğŸ˜± Must watch #RedBullRacing #GivesYouWings #F1,https://i.ytimg.com/vi/redbull_32/maxresdefault.jpg,102987,3795,1597950,2025-09-23 05:49:10
youtube,redbull,https://www.youtube.com/watch?v=redbull_33,Wingsuit flying through the city! ğŸ˜± Must watch #RedBullRacing #F1 #ExtremeRacing,https://i.ytimg.com/vi/redbull_33/maxresdefault.jpg,20258,814,464085,2025-09-22 23:00:10
youtube,redbull,https://www.youtube.com/watch?v=redbull_34,Skateboarding's new golden era ğŸ›¹âœ¨ #RedBullSkate #RedBull #GivesYouWings #RedBullRacing,https://i.ytimg.com/vi/redbull_34/maxresdefault.jpg,38011,3783,927022,2025-09-22 03:04:10
youtube,redbull,https://www.youtube.com/watch?v=redbull_35,From zero to hero in 3.2 seconds ğŸï¸ğŸ’¨ #F1Power #ExtremeRacing #RedBullRacing #RedBull,https://i.ytimg.com/vi/redbull_35/maxresdefault.jpg,31988,612,586386,2025-09-18 00:45:10
youtube,redbull,https://www.youtube.com/watch?v=redbull_36,"Energy for every moment, every challenge ğŸ’¯ #F1 #ExtremeRacing #RedBullRacing",https://i.ytimg.com/vi/redbull_36/maxresdefault.jpg,47651,1845,993837,2025-09-15 07:54:10
youtube,redbull,https://www.youtube.com/watch?v=redbull_37,This cliff jump is absolutely mental! ğŸ§—â€â™‚ï¸ğŸ’¦ #GivesYouWings #RedBull #F1,https://i.ytimg.com/vi/redbull_37/maxresdefault.jpg,31070,1264,552676,2025-09-14 03:04:10
youtube,redbull,https://www.youtube.com/watch?v=redbull_38,Wingsuit flying through the city! ğŸ˜± Must watch #ExtremeRacing #F1 #RedBullRacing,https://i.ytimg.com/vi/redbull_38/maxresdefault.jpg,34520,971,892351,2025-09-13 19:28:10
youtube,redbull,https://www.youtube.com/watch?v=redbull_39,The most insane freeride line ever! ğŸ‚ Watch till the end #F1 #RedBull #RedBullRacing,https://i.ytimg.com/vi/redbull_39/maxresdefault.jpg,91161,3931,1654323,2025-09-08 18:34:10
youtube,gopro,https://www.youtube.com/watch?v=gopro_0,Your next adventure awaits. Are you filming it? ğŸ¥ #POV #HERO12 #Adventure,https://i.ytimg.com/vi/gopro_0/maxresdefault.jpg,25647,983,628097,2025-11-06 02:24:10
youtube,gopro,https://www.youtube.com/watch?v=gopro_1,Motorcycle through the Himalayas. Pure magic ğŸï¸ğŸ”ï¸ #Adventure #POV #GoPro,https://i.ytimg.com/vi/gopro_1/maxresdefault.jpg,38053,3307,723697,2025-11-06 00:13:10
youtube,gopro,https://www.youtube.com/watch?v=gopro_2,Wingsuit flying in 4K 120fps. Mind = blown ğŸ¤¯ #Adventure #GoProFamily #GoPro,https://i.ytimg.com/vi/gopro_2/maxresdefault.jpg,24420,1355,553986,2025-11-05 22:03:10
youtube,gopro,https://www.youtube.com/watch?v=gopro_3,This parkour run is absolutely nuts ğŸƒâ€â™‚ï¸ğŸ”¥ #GoPro #POV #HERO12,https://i.ytimg.com/vi/gopro_3/maxresdefault.jpg,42855,1314,541018,2025-11-05 05:07:10
youtube,gopro,https://www.youtube.com/watch?v=gopro_4,Shark cage diving gone wrong (but so right!) ğŸ¦ˆğŸ˜… #POV #Adventure #GoProFamily,https://i.ytimg.com/vi/gopro_4/maxresdefault.jpg,44512,1940,870274,2025-11-05 04:34:10
youtube,gopro,https://www.youtube.com/watch?v=gopro_5,Underwater world like you've never seen ğŸ ğŸ™ #OceanLife #POV #HERO12 #GoPro,https://i.ytimg.com/vi/gopro_5/maxresdefault.jpg,42081,2535,871766,2025-11-04 04:53:10
youtube,gopro,https://www.youtube.com/watch?v=gopro_6,Life unfiltered. Adventures unlimited ğŸ¬ğŸŒŸ #LiveIt #GoProFamily #HERO12 #Adventure,https://i.ytimg.com/vi/gopro_6/maxresdefault.jpg,31432,1493,901853,2025-11-03 22:09:10
youtube,gopro,https://www.youtube.com/watch?v=gopro_7,Your next adventure awaits. Are you filming it? ğŸ¥ #GoPro #POV #HERO12,https://i.ytimg.com/vi/gopro_7/maxresdefault.jpg,21215,2399,646871,2025-11-02 01:18:10
youtube,gopro,https://www.youtube.com/watch?v=gopro_8,Your next adventure awaits. Are you filming it? ğŸ¥ #GoPro #GoProFamily #HERO12,https://i.ytimg.com/vi/gopro_8/maxresdefault.jpg,35403,2328,848767,2025-11-02 01:02:10
youtube,gopro,https://www.youtube.com/watch?v=gopro_9,"Family adventures, perfectly captured ğŸ‘¨â€ğŸ‘©â€ğŸ‘§â€ğŸ‘¦â¤ï¸ #GoProFamily #POV #HERO12 #GoProFamily",https://i.ytimg.com/vi/gopro_9/maxresdefault.jpg,24431,864,389091,2025-10-29 20:25:10
youtube,gopro,https://www.youtube.com/watch?v=gopro_10,"Sunrise from 15,000 feet â˜€ï¸ğŸª‚ #Skydiving #POV #HERO12 #GoPro",https://i.ytimg.com/vi/gopro_10/maxresdefault.jpg,19132,1826,419148,2025-10-26 21:27:10
youtube,gopro,https://www.youtube.com/watch?v=gopro_11,Your life is worth sharing. Make it epic ğŸŒŸ #HERO12 #GoPro #GoProFamily,https://i.ytimg.com/vi/gopro_11/maxresdefault.jpg,30679,1094,663257,2025-10-26 20:32:10
youtube,gopro,https://www.youtube.com/watch?v=gopro_12,Skiing the gnarliest run in the Alps â›·ï¸ğŸ˜ˆ #POV #HERO12 #Adventure,https://i.ytimg.com/vi/gopro_12/maxresdefault.jpg,20825,1341,497239,2025-10-25 04:38:10
youtube,gopro,https://www.youtube.com/watch?v=gopro_13,Wingsuit flying in 4K 120fps. Mind = blown ğŸ¤¯ #GoProFamily #Adventure #GoPro,https://i.ytimg.com/vi/gopro_13/maxresdefault.jpg,17828,670,253072,2025-10-25 01:44:10
youtube,gopro,https://www.youtube.com/watch?v=gopro_14,Motorcycle through the Himalayas. Pure magic ğŸï¸ğŸ”ï¸ #GoPro #GoProFamily #Adventure,https://i.ytimg.com/vi/gopro_14/maxresdefault.jpg,40632,2759,890425,2025-10-22 20:57:10
youtube,gopro,https://www.youtube.com/watch?v=gopro_15,Life unfiltered. Adventures unlimited ğŸ¬ğŸŒŸ #LiveIt #Adventure #GoPro #POV,https://i.ytimg.com/vi/gopro_15/maxresdefault.jpg,26900,3142,749121,2025-10-21 08:04:10
youtube,gopro,https://www.youtube.com/watch?v=gopro_16,This BASE jump will make your heart race ğŸª‚â¤ï¸ #HERO12 #GoPro #POV,https://i.ytimg.com/vi/gopro_16/maxresdefault.jpg,64378,3051,818991,2025-10-18 00:21:10
youtube,gopro,https://www.youtube.com/watch?v=gopro_17,Behind the scenes of extreme filmmaking ğŸ¬ #GoProFamily #Adventure #HERO12 #GoProFamily,https://i.ytimg.com/vi/gopro_17/maxresdefault.jpg,34354,1041,462911,2025-10-17 19:49:10
youtube,gopro,https://www.youtube.com/watch?v=gopro_18,Downhill mountain biking POV ğŸšµâ€â™‚ï¸ğŸ’¥ #Adrenaline #HERO12 #GoPro #POV,https://i.ytimg.com/vi/gopro_18/maxresdefault.jpg,67419,1111,883568,2025-10-17 03:02:10
youtube,gopro,https://www.youtube.com/watch?v=gopro_19,Shark cage diving gone wrong (but so right!) ğŸ¦ˆğŸ˜… #HERO12 #GoProFamily #POV,https://i.ytimg.com/vi/gopro_19/maxresdefault.jpg,21644,1739,627297,2025-10-16 03:22:10
youtube,gopro,https://www.youtube.com/watch?v=gopro_20,"Your moments, our mission. New HERO12 Black ğŸ”¥ #Adventure #HERO12 #POV",https://i.ytimg.com/vi/gopro_20/maxresdefault.jpg,59126,980,774424,2025-10-14 21:31:10
youtube,gopro,https://www.youtube.com/watch?v=gopro_21,The sunset nobody believed was real ğŸŒ…âœ¨ (No filter!) #POV #GoPro #GoProFamily,https://i.ytimg.com/vi/gopro_21/maxresdefault.jpg,25653,1779,840518,2025-10-12 20:54:10
youtube,gopro,https://www.youtube.com/watch?v=gopro_22,Life unfiltered. Adventures unlimited ğŸ¬ğŸŒŸ #LiveIt #GoPro #Adventure #POV,https://i.ytimg.com/vi/gopro_22/maxresdefault.jpg,26270,713,615999,2025-10-09 06:21:10
youtube,gopro,https://www.youtube.com/watch?v=gopro_23,Motorcycle through the Himalayas. Pure magic ğŸï¸ğŸ”ï¸ #GoPro #POV #Adventure,https://i.ytimg.com/vi/gopro_23/maxresdefault.jpg,21752,1799,479258,2025-10-09 00:43:10
youtube,gopro,https://www.youtube.com/watch?v=gopro_24,This parkour run is absolutely nuts ğŸƒâ€â™‚ï¸ğŸ”¥ #POV #HERO12 #GoProFamily,https://i.ytimg.com/vi/gopro_24/maxresdefault.jpg,48908,1111,709966,2025-10-07 00:57:10
youtube,gopro,https://www.youtube.com/watch?v=gopro_25,Downhill mountain biking POV ğŸšµâ€â™‚ï¸ğŸ’¥ #Adrenaline #HERO12 #POV #GoPro,https://i.ytimg.com/vi/gopro_25/maxresdefault.jpg,50024,3611,765691,2025-10-04 23:27:10
youtube,gopro,https://www.youtube.com/watch?v=gopro_26,Motorcycle through the Himalayas. Pure magic ğŸï¸ğŸ”ï¸ #POV #Adventure #HERO12,https://i.ytimg.com/vi/gopro_26/maxresdefault.jpg,36305,3017,808199,2025-10-04 00:19:10
youtube,gopro,https://www.youtube.com/watch?v=gopro_27,Capturing the moments that matter â¤ï¸ğŸ“¸ #GoProFamily #Adventure #GoPro,https://i.ytimg.com/vi/gopro_27/maxresdefault.jpg,23430,609,461596,2025-10-02 00:04:10
youtube,gopro,https://www.youtube.com/watch?v=gopro_28,Life unfiltered. Adventures unlimited ğŸ¬ğŸŒŸ #LiveIt #GoPro #Adventure #POV,https://i.ytimg.com/vi/gopro_28/maxresdefault.jpg,21578,824,296829,2025-10-01 23:04:10
youtube,gopro,https://www.youtube.com/watch?v=gopro_29,"Sunrise from 15,000 feet â˜€ï¸ğŸª‚ #Skydiving #HERO12 #GoProFamily #POV",https://i.ytimg.com/vi/gopro_29/maxresdefault.jpg,53198,1525,737279,2025-10-01 21:48:10
youtube,gopro,https://www.youtube.com/watch?v=gopro_30,This snorkeling footage is therapeutic ğŸšğŸŒŠ #Relax #GoPro #Adventure #GoProFamily,https://i.ytimg.com/vi/gopro_30/maxresdefault.jpg,48359,2944,832000,2025-10-01 01:25:10
youtube,gopro,https://www.youtube.com/watch?v=gopro_31,This snorkeling footage is therapeutic ğŸšğŸŒŠ #Relax #GoPro #Adventure #GoProFamily,https://i.ytimg.com/vi/gopro_31/maxresdefault.jpg,22824,1279,341500,2025-09-29 05:18:10
youtube,gopro,https://www.youtube.com/watch?v=gopro_32,When ordinary cameras can't keep up ğŸƒâ€â™‚ï¸ğŸ’¨ #Adventure #HERO12 #GoPro,https://i.ytimg.com/vi/gopro_32/maxresdefault.jpg,32298,962,578928,2025-09-25 05:36:10
youtube,gopro,https://www.youtube.com/watch?v=gopro_33,When ordinary cameras can't keep up ğŸƒâ€â™‚ï¸ğŸ’¨ #Adventure #GoPro #HERO12,https://i.ytimg.com/vi/gopro_33/maxresdefault.jpg,33594,3569,866348,2025-09-25 03:37:10
youtube,gopro,https://www.youtube.com/watch?v=gopro_34,Your life is worth sharing. Make it epic ğŸŒŸ #GoProFamily #POV #GoPro,https://i.ytimg.com/vi/gopro_34/maxresdefault.jpg,20581,1892,435055,2025-09-23 06:23:10
youtube,gopro,https://www.youtube.com/watch?v=gopro_35,"Sunrise from 15,000 feet â˜€ï¸ğŸª‚ #Skydiving #HERO12 #GoProFamily #POV",https://i.ytimg.com/vi/gopro_35/maxresdefault.jpg,16464,1134,275699,2025-09-22 00:32:10
youtube,gopro,https://www.youtube.com/watch?v=gopro_36,Life's an adventure. Capture it ğŸ“· #GoPro #HERO12 #HERO12 #GoPro #POV,https://i.ytimg.com/vi/gopro_36/maxresdefault.jpg,27471,1257,349385,2025-09-21 00:40:10
youtube,gopro,https://www.youtube.com/watch?v=gopro_37,Motocross madness in slow-mo ğŸï¸ğŸ’¨ #SlowMoGuys #HERO12 #POV #GoProFamily,https://i.ytimg.com/vi/gopro_37/maxresdefault.jpg,38511,2195,521648,2025-09-14 22:14:10
youtube,gopro,https://www.youtube.com/watch?v=gopro_38,"Your moments, our mission. New HERO12 Black ğŸ”¥ #POV #GoPro #GoProFamily",https://i.ytimg.com/vi/gopro_38/maxresdefault.jpg,29832,1782,642661,2025-09-09 20:01:10
youtube,gopro,https://www.youtube.com/watch?v=gopro_39,This snorkeling footage is therapeutic ğŸšğŸŒŠ #Relax #Adventure #POV #HERO12,https://i.ytimg.com/vi/gopro_39/maxresdefault.jpg,63699,2813,892140,2025-09-09 02:13:10
youtube,mrbeast,https://www.youtube.com/watch?v=mrbeast_0,I Opened A Free Restaurant For 24 Hours ğŸ”ğŸŸ #TeamTrees #MrBeast #Giveaway,https://i.ytimg.com/vi/mrbeast_0/maxresdefault.jpg,1583892,104134,21537469,2025-11-07 19:05:10
youtube,mrbeast,https://www.youtube.com/watch?v=mrbeast_1,I Bought A Private Island For $1! ğŸï¸ğŸ¤‘ #Challenge #Giveaway #BeastPhilanthropy,https://i.ytimg.com/vi/mrbeast_1/maxresdefault.jpg,899447,35230,15905585,2025-11-06 00:46:10
youtube,mrbeast,https://www.youtube.com/watch?v=mrbeast_2,"$100,000 Challenge! Last person to leave wins ğŸ’°ğŸ¯ #Challenge #BeastPhilanthropy #MrBeast",https://i.ytimg.com/vi/mrbeast_2/maxresdefault.jpg,1393544,96522,25951482,2025-11-06 00:25:10
youtube,mrbeast,https://www.youtube.com/watch?v=mrbeast_3,New video dropping in 2 hours! You won't believe this one ğŸš€ğŸ”¥ #TeamTrees #MrBeast #Challenge,https://i.ytimg.com/vi/mrbeast_3/maxresdefault.jpg,790679,51920,17259791,2025-11-02 21:33:10
youtube,mrbeast,https://www.youtube.com/watch?v=mrbeast_4,"$100,000 Challenge! Last person to leave wins ğŸ’°ğŸ¯ #TeamTrees #Challenge #Giveaway",https://i.ytimg.com/vi/mrbeast_4/maxresdefault.jpg,1809871,116564,23359774,2025-10-31 17:55:10
youtube,mrbeast,https://www.youtube.com/watch?v=mrbeast_5,I Gave My 100 Millionth Subscriber A Private Island ğŸ‰ğŸï¸ #BeastPhilanthropy #MrBeast #Giveaway,https://i.ytimg.com/vi/mrbeast_5/maxresdefault.jpg,1573079,64052,26893974,2025-10-29 02:07:10
youtube,mrbeast,https://www.youtube.com/watch?v=mrbeast_6,I Gave My 100 Millionth Subscriber A Private Island ğŸ‰ğŸï¸ #Challenge #TeamTrees #MrBeast,https://i.ytimg.com/vi/mrbeast_6/maxresdefault.jpg,1459741,82490,27820094,2025-10-24 22:17:10
youtube,mrbeast,https://www.youtube.com/watch?v=mrbeast_7,100 People vs 1 Million Zombies! ğŸ§Ÿâ€â™‚ï¸ğŸ’¥ #Giveaway #TeamTrees #BeastPhilanthropy,https://i.ytimg.com/vi/mrbeast_7/maxresdefault.jpg,2575606,108242,47361508,2025-10-22 06:36:10
youtube,mrbeast,https://www.youtube.com/watch?v=mrbeast_8,Recreating Squid Game in real life! 456 contestants ğŸ”´ğŸ”ºâ­• #TeamTrees #BeastPhilanthropy #Challenge,https://i.ytimg.com/vi/mrbeast_8/maxresdefault.jpg,927671,27534,23181346,2025-10-21 22:56:10
youtube,mrbeast,https://www.youtube.com/watch?v=mrbeast_9,"Extreme Hide And Seek For $100,000! ğŸ™ˆğŸ’° #TeamTrees #Giveaway #Challenge",https://i.ytimg.com/vi/mrbeast_9/maxresdefault.jpg,2011819,156225,31514520,2025-10-20 00:41:10
youtube,mrbeast,https://www.youtube.com/watch?v=mrbeast_10,Giving Away A House To A Random Subscriber! ğŸ ğŸ”‘ #TeamTrees #Giveaway #BeastPhilanthropy,https://i.ytimg.com/vi/mrbeast_10/maxresdefault.jpg,2807146,122356,39214793,2025-10-17 08:22:10
youtube,mrbeast,https://www.youtube.com/watch?v=mrbeast_11,"$100,000 Challenge! Last person to leave wins ğŸ’°ğŸ¯ #BeastPhilanthropy #MrBeast #TeamTrees",https://i.ytimg.com/vi/mrbeast_11/maxresdefault.jpg,1522022,127354,31898456,2025-10-16 08:46:10
youtube,mrbeast,https://www.youtube.com/watch?v=mrbeast_12,I Gave My 100 Millionth Subscriber A Private Island ğŸ‰ğŸï¸ #TeamTrees #Giveaway #MrBeast,https://i.ytimg.com/vi/mrbeast_12/maxresdefault.jpg,610887,23775,8247108,2025-10-10 21:05:10
youtube,mrbeast,https://www.youtube.com/watch?v=mrbeast_13,"Last To Leave Circle Wins $500,000! â­•ğŸ’° #TeamTrees #BeastPhilanthropy #MrBeast",https://i.ytimg.com/vi/mrbeast_13/maxresdefault.jpg,2107032,120800,32468183,2025-10-07 23:57:10
youtube,mrbeast,https://www.youtube.com/watch?v=mrbeast_14,Building 100 Wells In Africa ğŸŒğŸ’§ #TeamTrees #TeamTrees #Giveaway #Challenge,https://i.ytimg.com/vi/mrbeast_14/maxresdefault.jpg,1414090,180396,40543797,2025-10-05 19:05:10
youtube,mrbeast,https://www.youtube.com/watch?v=mrbeast_15,"$1 vs $100,000 Vacation! Which would you choose? âœˆï¸ #Challenge #TeamTrees #BeastPhilanthropy",https://i.ytimg.com/vi/mrbeast_15/maxresdefault.jpg,776943,81976,16445298,2025-10-05 05:21:10
youtube,mrbeast,https://www.youtube.com/watch?v=mrbeast_16,"World's Largest Pizza! ğŸ• 40,000 slices served #TeamTrees #MrBeast #Giveaway",https://i.ytimg.com/vi/mrbeast_16/maxresdefault.jpg,581929,42043,9247377,2025-10-03 23:22:10
youtube,mrbeast,https://www.youtube.com/watch?v=mrbeast_17,I Adopted Every Dog In A Shelter! ğŸ•â¤ï¸ #TeamTrees #MrBeast #Giveaway,https://i.ytimg.com/vi/mrbeast_17/maxresdefault.jpg,1416556,118399,24045886,2025-10-03 20:50:10
youtube,mrbeast,https://www.youtube.com/watch?v=mrbeast_18,Building The World's Biggest Lego Tower ğŸ§±ğŸ—ï¸ #BeastPhilanthropy #MrBeast #TeamTrees,https://i.ytimg.com/vi/mrbeast_18/maxresdefault.jpg,797815,33102,11704573,2025-10-02 05:30:10
youtube,mrbeast,https://www.youtube.com/watch?v=mrbeast_19,I Gave Away A Private Island! ğŸï¸ğŸ˜± Link in bio #Challenge #BeastPhilanthropy #MrBeast,https://i.ytimg.com/vi/mrbeast_19/maxresdefault.jpg,2483707,170190,41865748,2025-09-30 18:48:10
youtube,mrbeast,https://www.youtube.com/watch?v=mrbeast_20,I Gave Away A Private Island! ğŸï¸ğŸ˜± Link in bio #Challenge #Giveaway #MrBeast,https://i.ytimg.com/vi/mrbeast_20/maxresdefault.jpg,1135317,20331,18957416,2025-09-29 07:52:10
youtube,mrbeast,https://www.youtube.com/watch?v=mrbeast_21,"$100,000 Challenge! Last person to leave wins ğŸ’°ğŸ¯ #MrBeast #Challenge #TeamTrees",https://i.ytimg.com/vi/mrbeast_21/maxresdefault.jpg,1468640,70315,24845127,2025-09-29 01:08:10
youtube,mrbeast,https://www.youtube.com/watch?v=mrbeast_22,"Last To Leave Circle Wins $500,000! â­•ğŸ’° #MrBeast #TeamTrees #BeastPhilanthropy",https://i.ytimg.com/vi/mrbeast_22/maxresdefault.jpg,500582,22256,8667754,2025-09-27 08:03:10
youtube,mrbeast,https://www.youtube.com/watch?v=mrbeast_23,"$10,000 Every Day You Survive In The Wilderness ğŸ•ï¸ğŸ’µ #TeamTrees #Challenge #Giveaway",https://i.ytimg.com/vi/mrbeast_23/maxresdefault.jpg,3625070,115606,45967639,2025-09-27 07:55:10
youtube,mrbeast,https://www.youtube.com/watch?v=mrbeast_24,Building The World's Biggest Lego Tower ğŸ§±ğŸ—ï¸ #MrBeast #TeamTrees #BeastPhilanthropy,https://i.ytimg.com/vi/mrbeast_24/maxresdefault.jpg,1287754,58697,16409186,2025-09-24 21:29:10
youtube,mrbeast,https://www.youtube.com/watch?v=mrbeast_25,Building The World's Biggest Lego Tower ğŸ§±ğŸ—ï¸ #MrBeast #TeamTrees #Giveaway,https://i.ytimg.com/vi/mrbeast_25/maxresdefault.jpg,3120389,61104,47125396,2025-09-24 21:24:10
youtube,mrbeast,https://www.youtube.com/watch?v=mrbeast_26,I Bought Everything In A Store! ğŸ›’ğŸ’° #Giveaway #MrBeast #BeastPhilanthropy,https://i.ytimg.com/vi/mrbeast_26/maxresdefault.jpg,529399,47790,14838679,2025-09-24 01:11:10
youtube,mrbeast,https://www.youtube.com/watch?v=mrbeast_27,Giving Away A House To A Random Subscriber! ğŸ ğŸ”‘ #Challenge #BeastPhilanthropy #TeamTrees,https://i.ytimg.com/vi/mrbeast_27/maxresdefault.jpg,3463181,173542,49498325,2025-09-23 23:18:10
youtube,mrbeast,https://www.youtube.com/watch?v=mrbeast_28,"Last To Leave Circle Wins $500,000! â­•ğŸ’° #TeamTrees #MrBeast #BeastPhilanthropy",https://i.ytimg.com/vi/mrbeast_28/maxresdefault.jpg,1689390,118749,24438542,2025-09-21 21:03:10
youtube,mrbeast,https://www.youtube.com/watch?v=mrbeast_29,Giving Away A House To A Random Subscriber! ğŸ ğŸ”‘ #Giveaway #Challenge #BeastPhilanthropy,https://i.ytimg.com/vi/mrbeast_29/maxresdefault.jpg,1813596,92777,27702078,2025-09-21 08:22:10
youtube,mrbeast,https://www.youtube.com/watch?v=mrbeast_30,Building 100 Wells In Africa ğŸŒğŸ’§ #TeamTrees #BeastPhilanthropy #MrBeast #Giveaway,https://i.ytimg.com/vi/mrbeast_30/maxresdefault.jpg,1950527,25208,24944776,2025-09-20 05:09:10
youtube,mrbeast,https://www.youtube.com/watch?v=mrbeast_31,I Bought A Private Island For $1! ğŸï¸ğŸ¤‘ #TeamTrees #Challenge #BeastPhilanthropy,https://i.ytimg.com/vi/mrbeast_31/maxresdefault.jpg,1513790,29708,19153442,2025-09-19 20:21:10
youtube,mrbeast,https://www.youtube.com/watch?v=mrbeast_32,Giving Away A House To A Random Subscriber! ğŸ ğŸ”‘ #BeastPhilanthropy #TeamTrees #MrBeast,https://i.ytimg.com/vi/mrbeast_32/maxresdefault.jpg,313867,23453,7240609,2025-09-17 20:42:10
youtube,mrbeast,https://www.youtube.com/watch?v=mrbeast_33,Giving Away A House To A Random Subscriber! ğŸ ğŸ”‘ #Giveaway #TeamTrees #Challenge,https://i.ytimg.com/vi/mrbeast_33/maxresdefault.jpg,1251129,114636,40924729,2025-09-16 23:21:10
youtube,mrbeast,https://www.youtube.com/watch?v=mrbeast_34,"Last To Stop Running Wins $100,000! ğŸƒâ€â™‚ï¸ğŸ’µ #Challenge #TeamTrees #BeastPhilanthropy",https://i.ytimg.com/vi/mrbeast_34/maxresdefault.jpg,2160739,187819,41025824,2025-09-16 07:38:10
youtube,mrbeast,https://www.youtube.com/watch?v=mrbeast_35,I Gave Away A Private Island! ğŸï¸ğŸ˜± Link in bio #TeamTrees #MrBeast #Giveaway,https://i.ytimg.com/vi/mrbeast_35/maxresdefault.jpg,475325,19008,8019021,2025-09-15 20:14:10
youtube,mrbeast,https://www.youtube.com/watch?v=mrbeast_36,"World's Largest Pizza! ğŸ• 40,000 slices served #BeastPhilanthropy #TeamTrees #MrBeast",https://i.ytimg.com/vi/mrbeast_36/maxresdefault.jpg,911252,59888,19398134,2025-09-12 04:27:10
youtube,mrbeast,https://www.youtube.com/watch?v=mrbeast_37,I Bought A Private Island For $1! ğŸï¸ğŸ¤‘ #Giveaway #Challenge #TeamTrees,https://i.ytimg.com/vi/mrbeast_37/maxresdefault.jpg,1440153,51485,37806399,2025-09-11 05:20:10
youtube,mrbeast,https://www.youtube.com/watch?v=mrbeast_38,I Bought A Private Island For $1! ğŸï¸ğŸ¤‘ #Challenge #TeamTrees #Giveaway,https://i.ytimg.com/vi/mrbeast_38/maxresdefault.jpg,1528808,175827,47490873,2025-09-11 04:48:10
youtube,mrbeast,https://www.youtube.com/watch?v=mrbeast_39,Giving Away A House To A Random Subscriber! ğŸ ğŸ”‘ #Giveaway #Challenge #MrBeast,https://i.ytimg.com/vi/mrbeast_39/maxresdefault.jpg,3184940,82754,43319464,2025-09-08 20:39:10
youtube,nasa,https://www.youtube.com/watch?v=nasa_0,Solar eclipse from space. Unreal view ğŸŒ‘â˜€ï¸ #Space #ISS #Artemis,https://i.ytimg.com/vi/nasa_0/maxresdefault.jpg,104287,2464,1756938,2025-11-07 22:49:10
youtube,nasa,https://www.youtube.com/watch?v=nasa_1,Discovering water ice on the Moon! ğŸ’§ğŸŒ™ #Artemis #NASA #Artemis #ISS,https://i.ytimg.com/vi/nasa_1/maxresdefault.jpg,79714,2150,1170386,2025-11-03 23:54:10
youtube,nasa,https://www.youtube.com/watch?v=nasa_2,Mars Perseverance found evidence of ancient water! ğŸ’§ğŸ”´ #MarsRover #Mars #Space #Artemis,https://i.ytimg.com/vi/nasa_2/maxresdefault.jpg,34350,3879,789821,2025-11-03 06:59:10
youtube,nasa,https://www.youtube.com/watch?v=nasa_3,The future of space exploration starts now ğŸš€ğŸ”® #NASA #ISS #Artemis,https://i.ytimg.com/vi/nasa_3/maxresdefault.jpg,98035,6840,1642860,2025-11-02 23:29:10
youtube,nasa,https://www.youtube.com/watch?v=nasa_4,The Aurora Borealis from orbit ğŸŒŒğŸ’šğŸ’œ #NorthernLights #ISS #Artemis #Space,https://i.ytimg.com/vi/nasa_4/maxresdefault.jpg,81153,7779,1717138,2025-10-31 23:48:10
youtube,nasa,https://www.youtube.com/watch?v=nasa_5,Earth's atmosphere from 250 miles up ğŸŒğŸ’™ #NASAEarth #ISS #NASA #Space,https://i.ytimg.com/vi/nasa_5/maxresdefault.jpg,80924,7761,1786651,2025-10-30 02:41:10
youtube,nasa,https://www.youtube.com/watch?v=nasa_6,International cooperation in action ğŸ¤ğŸŒ #ISS #NASA #Mars #Space,https://i.ytimg.com/vi/nasa_6/maxresdefault.jpg,62412,2091,891918,2025-10-26 08:27:10
youtube,nasa,https://www.youtube.com/watch?v=nasa_7,This supernova explosion is spectacular! ğŸ’¥â­ #Mars #ISS #Space,https://i.ytimg.com/vi/nasa_7/maxresdefault.jpg,27324,617,528177,2025-10-26 04:54:10
youtube,nasa,https://www.youtube.com/watch?v=nasa_8,Earth from the ISS. Never gets old ğŸŒâœ¨ #SpaceStation #ISS #Space #Mars,https://i.ytimg.com/vi/nasa_8/maxresdefault.jpg,110739,2203,1953416,2025-10-26 03:53:10
youtube,nasa,https://www.youtube.com/watch?v=nasa_9,This exoplanet might support life ğŸªğŸ§¬ #Astrobiology #Space #Artemis #NASA,https://i.ytimg.com/vi/nasa_9/maxresdefault.jpg,85194,3432,1328216,2025-10-25 22:54:10
youtube,nasa,https://www.youtube.com/watch?v=nasa_10,The Pillars of Creation in stunning detail âœ¨ğŸ”­ #HubbleSpace #ISS #Artemis #Mars,https://i.ytimg.com/vi/nasa_10/maxresdefault.jpg,18280,923,372524,2025-10-22 02:24:10
youtube,nasa,https://www.youtube.com/watch?v=nasa_11,Saturn's rings in unprecedented detail ğŸªğŸ’ #Space #NASA #ISS,https://i.ytimg.com/vi/nasa_11/maxresdefault.jpg,75062,5087,1259345,2025-10-22 02:03:10
youtube,nasa,https://www.youtube.com/watch?v=nasa_12,Artemis Mission Update: We're going back to the Moon! ğŸŒ™ğŸš€ #NASA #ISS #Artemis,https://i.ytimg.com/vi/nasa_12/maxresdefault.jpg,12106,835,329619,2025-10-19 21:18:10
youtube,nasa,https://www.youtube.com/watch?v=nasa_13,This exoplanet might support life ğŸªğŸ§¬ #Astrobiology #Space #ISS #Mars,https://i.ytimg.com/vi/nasa_13/maxresdefault.jpg,22584,1779,506975,2025-10-15 23:12:10
youtube,nasa,https://www.youtube.com/watch?v=nasa_14,International cooperation in action ğŸ¤ğŸŒ #ISS #Artemis #Mars #ISS,https://i.ytimg.com/vi/nasa_14/maxresdefault.jpg,123395,5040,1880176,2025-10-12 22:41:10
youtube,nasa,https://www.youtube.com/watch?v=nasa_15,The future of space exploration starts now ğŸš€ğŸ”® #Space #Artemis #ISS,https://i.ytimg.com/vi/nasa_15/maxresdefault.jpg,96019,6794,1361980,2025-10-10 06:10:10
youtube,nasa,https://www.youtube.com/watch?v=nasa_16,Spacewalk completed successfully! ğŸ‘¨â€ğŸš€ğŸŒŒ #EVA #Space #ISS #Artemis,https://i.ytimg.com/vi/nasa_16/maxresdefault.jpg,64791,1894,903215,2025-10-09 19:38:10
youtube,nasa,https://www.youtube.com/watch?v=nasa_17,"This nebula is 7,500 light years away ğŸŒŸğŸ˜ #JWST #Mars #Artemis #ISS",https://i.ytimg.com/vi/nasa_17/maxresdefault.jpg,31831,1206,1060879,2025-10-09 08:42:10
youtube,nasa,https://www.youtube.com/watch?v=nasa_18,Launch countdown begins! T-minus 24 hours ğŸš€â° #Mars #NASA #ISS,https://i.ytimg.com/vi/nasa_18/maxresdefault.jpg,76818,6352,1427218,2025-10-08 05:04:10
youtube,nasa,https://www.youtube.com/watch?v=nasa_19,Launch countdown begins! T-minus 24 hours ğŸš€â° #Artemis #Space #NASA,https://i.ytimg.com/vi/nasa_19/maxresdefault.jpg,47938,4597,1451038,2025-10-08 04:17:10
youtube,nasa,https://www.youtube.com/watch?v=nasa_20,James Webb captures the deepest view of the universe yet ğŸ”­ğŸŒŒ #NASA #ISS #Artemis,https://i.ytimg.com/vi/nasa_20/maxresdefault.jpg,32465,847,497280,2025-10-05 07:36:10
youtube,nasa,https://www.youtube.com/watch?v=nasa_21,International cooperation in action ğŸ¤ğŸŒ #ISS #ISS #Artemis #Space,https://i.ytimg.com/vi/nasa_21/maxresdefault.jpg,72458,1257,975995,2025-10-04 19:30:10
youtube,nasa,https://www.youtube.com/watch?v=nasa_22,Preparing for humanity's next giant leap ğŸ¦¶ğŸŒ™ #Space #Mars #ISS,https://i.ytimg.com/vi/nasa_22/maxresdefault.jpg,45411,2583,595591,2025-10-04 05:17:10
youtube,nasa,https://www.youtube.com/watch?v=nasa_23,Mars helicopter Ingenuity completes 50th flight! ğŸšğŸ”´ #ISS #NASA #Artemis,https://i.ytimg.com/vi/nasa_23/maxresdefault.jpg,73642,1424,1007709,2025-10-02 21:44:10
youtube,nasa,https://www.youtube.com/watch?v=nasa_24,Earth from the ISS. Never gets old ğŸŒâœ¨ #SpaceStation #ISS #NASA #Space,https://i.ytimg.com/vi/nasa_24/maxresdefault.jpg,68949,3946,1163297,2025-09-30 04:37:10
youtube,nasa,https://www.youtube.com/watch?v=nasa_25,Earth science missions saving lives ğŸŒâ¤ï¸ #EarthObservation #Mars #Artemis #Space,https://i.ytimg.com/vi/nasa_25/maxresdefault.jpg,120987,4403,1734330,2025-09-29 01:53:10
youtube,nasa,https://www.youtube.com/watch?v=nasa_26,ISS astronauts conducting groundbreaking experiments ğŸ§ªğŸ”¬ #Space #NASA #Artemis,https://i.ytimg.com/vi/nasa_26/maxresdefault.jpg,79230,4993,1512700,2025-09-26 07:33:10
youtube,nasa,https://www.youtube.com/watch?v=nasa_27,The future of space exploration starts now ğŸš€ğŸ”® #Space #Artemis #Mars,https://i.ytimg.com/vi/nasa_27/maxresdefault.jpg,43829,4397,884458,2025-09-26 07:11:10
youtube,nasa,https://www.youtube.com/watch?v=nasa_28,This galaxy is 13 billion years old ğŸŒ€â° #DeepSpace #Space #Mars #ISS,https://i.ytimg.com/vi/nasa_28/maxresdefault.jpg,87144,5963,1702672,2025-09-26 04:35:10
youtube,nasa,https://www.youtube.com/watch?v=nasa_29,Discovering water ice on the Moon! ğŸ’§ğŸŒ™ #Artemis #ISS #Artemis #Space,https://i.ytimg.com/vi/nasa_29/maxresdefault.jpg,83137,5351,1128270,2025-09-25 08:43:10
youtube,nasa,https://www.youtube.com/watch?v=nasa_30,Earth from the ISS. Never gets old ğŸŒâœ¨ #SpaceStation #NASA #ISS #Artemis,https://i.ytimg.com/vi/nasa_30/maxresdefault.jpg,54371,6455,1413556,2025-09-22 08:02:10
youtube,nasa,https://www.youtube.com/watch?v=nasa_31,Earth from the ISS. Never gets old ğŸŒâœ¨ #SpaceStation #ISS #Space #Artemis,https://i.ytimg.com/vi/nasa_31/maxresdefault.jpg,62061,4215,928835,2025-09-18 21:21:10
youtube,nasa,https://www.youtube.com/watch?v=nasa_32,This exoplanet might support life ğŸªğŸ§¬ #Astrobiology #NASA #Mars #ISS,https://i.ytimg.com/vi/nasa_32/maxresdefault.jpg,28339,1105,438166,2025-09-17 18:06:10
youtube,nasa,https://www.youtube.com/watch?v=nasa_33,This exoplanet might support life ğŸªğŸ§¬ #Astrobiology #Space #Mars #NASA,https://i.ytimg.com/vi/nasa_33/maxresdefault.jpg,110512,3122,1963941,2025-09-16 04:23:10
youtube,nasa,https://www.youtube.com/watch?v=nasa_34,Spacewalk completed successfully! ğŸ‘¨â€ğŸš€ğŸŒŒ #EVA #Space #ISS #Mars,https://i.ytimg.com/vi/nasa_34/maxresdefault.jpg,92799,1350,1186920,2025-09-16 02:54:10
youtube,nasa,https://www.youtube.com/watch?v=nasa_35,Preparing for humanity's next giant leap ğŸ¦¶ğŸŒ™ #NASA #ISS #Mars,https://i.ytimg.com/vi/nasa_35/maxresdefault.jpg,25209,1123,692626,2025-09-14 19:04:10
youtube,nasa,https://www.youtube.com/watch?v=nasa_36,Solar eclipse from space. Unreal view ğŸŒ‘â˜€ï¸ #ISS #NASA #Space,https://i.ytimg.com/vi/nasa_36/maxresdefault.jpg,80643,5762,1679455,2025-09-14 07:02:10
youtube,nasa,https://www.youtube.com/watch?v=nasa_37,The beauty of our planet. Let's protect it ğŸŒ±ğŸ’š #ClimateChange #Space #ISS #NASA,https://i.ytimg.com/vi/nasa_37/maxresdefault.jpg,22126,1294,368354,2025-09-12 07:41:10
youtube,nasa,https://www.youtube.com/watch?v=nasa_38,The Aurora Borealis from orbit ğŸŒŒğŸ’šğŸ’œ #NorthernLights #Mars #Artemis #Space,https://i.ytimg.com/vi/nasa_38/maxresdefault.jpg,46085,3109,686556,2025-09-11 18:44:10
youtube,nasa,https://www.youtube.com/watch?v=nasa_39,International cooperation in action ğŸ¤ğŸŒ #ISS #ISS #Mars #NASA,https://i.ytimg.com/vi/nasa_39/maxresdefault.jpg,49292,2466,1044879,2025-09-09 22:52:10
